URL,name,tagline,summary,descriptor,screenshot,tags
https://www.01.ai/,,,,,,
https://1secondcopy.com,,,,,,
https://3daistudio.com,,,,,,
https://www.accessprotocol.co,,,,,,
https://www.adalo.com,,,,,,
https://www.adobe.com/express/create/ebook,,,,,,
https://www.adslibrary.ai/,,,,,,
https://aetherbrain.ai,,,,,,
https://affinity.serif.com,,,,,,
https://agent.ai/,,,,,,
https://www.agentops.ai/,,,,,,
https://ai-art.tokyo/en,,,,,,
https://photoai.com/,,,,,,
https://ai-search.io,,,,,,
https://aitestkitchen.withgoogle.com/,,,,,,
https://www.aibeatz.com,,,,,,
https://aider.chat/,,,,,,
https://www.aiprm.com,,,,,,
https://tryairy.com/,,,,,,
https://app.aitubo.ai/,,,,,,
https://www.aiva.ai,,,,,,
https://aiwisemind.com/,,,,,,
https://www.alchemy.com,,,,,,
https://runalloy.com/,,,,,,
https://www.alphasignal.ai,,,,,,
https://www.alpha-sense.com/,,,,,,
https://www.alphi.dev/,,,,,,
https://anvil.works/,,,,,,
https://www.anyscale.com,,,,,,
https://useanything.com/,,,,,,
https://spark.apache.org/,,,,,,
https://apicontext.com,,,,,,
https://apify.com,,,,,,
https://www.apollo.io,,,,,,
https://www.apollographql.com,,,,,,
https://appwrite.io/,,,,,,
https://www.aragon.ai/,,,,,,
https://www.arcade.software,,,,,,
https://www.arcads.ai/,,,,,,
https://www.argil.ai,,,,,,
https://artificialanalysis.ai,,,,,,
https://www.arweave.org/,,,,,,
https://www.aspinity.com,,,,,,
https://www.assemblyai.com/,,,,,,
https://www.astria.ai,,,,,,
https://asymptote.sourceforge.io,,,,,,
https://www.audienceful.com,,,,,,
https://www.augment.com/,,,,,,
https://www.augmentcode.com/,,,,,,
https://www.aura.com,,,,,,
https://authjs.dev,,,,,,
https://auth0.com,,,,,,
https://www.authkit.com/,,,,,,
https://www.automa.site,,,,,,
https://autoshorts.ai/,,,,,,
https://www.avatech.ai,,,,,,
https://www.joinbackdrop.com/,,,,,,
https://www.backengine.dev/,,,,,,
https://www.bardeen.ai,,,,,,
https://www.basedlabs.ai,,,,,,
https://basehub.com/,,,,,,
https://www.beautiful.ai,,,,,,
https://www.beehiiv.com/,,,,,,
https://www.beekeeperstudio.io,,,,,,
https://bettersheets.co/,,,,,,
https://www.Bettercloud.com,,,,,,
https://bigspy.com/,,,,,,
https://www.bildr.com,,,,,,
https://billo.app,,,,,,
https://www.biltrewards.com/,,,,,,
https://birdeye.so,,,,,,
https://www.bitsgap.com,,,,,,
https://bland.ai,,,,,,
https://www.blaze.ai/,,,,,,
https://blend.com,,,,,,
https://boombox.io,,,,,,
https://boomy.com,,,,,,
https://www.botify.com,,,,,,
https://www.botpress.com,,,,,,
https://brave.com/search/api/,,,,,,
https://www.browse.ai,,,,,,
https://www.bubble.io,,,,,,
https://www.budibase.com,,,,,,
https://www.builder.io/,,,,,,
https://buildship.com,,,,,,
https://bun.sh/,,,,,,
https://bunny.net/,,,,,,
https://www.bytescale.com/,,,,,,
https://byword.ai/,,,,,,
https://www.ca.la/,,,,,,
https://calendly.com/,,,,,,
https://callfluent.com/,,,,,,
https://www.canonic.dev,,,,,,
https://capacitorjs.com/,,,,,,
https://www.capcut.com,,,,,,
https://celestia.org,,,,,,
https://cgdream.ai/,,,,,,
https://chapple.ai/,,,,,,
https://www.chatbotbuilder.ai/,,,,,,
https://www.chatiq.ai,,,,,,
https://www.chatnode.ai,,,,,,
https://www.trychroma.com/,,,,,,
https://www.anthropic.com,,,,,,
https://www.clay.com/,,,,,,
https://cleancommit.io,,,,,,
https://www.clickhouse.com,,,,,,
https://clickup.com,,,,,,
https://www.clipdrop.co,,,,,,
https://www.cloaked.com/,,,,,,
https://www.close.com,,,,,,
https://www.tryclosify.com,,,,,,
https://cloudconvert.com/,,,,,,
https://www.cloudflare.com/,,,,,,
https://cloudinary.com/,,,,,,
https://www.coda.io,,,,,,
https://codesandbox.io,,,,,,
https://www.codesee.io/,,,,,,
https://www.cengage.com/c/coglab-5-5e-francis/9781285461083/,,,,,,
https://cohere.com/,,,,,,
https://coinledger.io,,,,,,
https://www.combin.com/,,,,,,
https://www.commandbar.com,,,,,,
https://commonpaper.com,,,,,,
https://www.helpareporter.com,,,,,,
https://www.contentful.com/,,,,,,
https://www.continue.dev/,,,,,,
https://www.convex.dev,,,,,,
https://www.cookiebot.com,,,,,,
https://coolify.io,,,,,,
https://mapofzones.com,,,,,,
https://www.crafters.ai,,,,,,
https://crayo.ai/,,,,,,
https://creatify.ai/,,,,,,
https://www.crewai.com,,,,,,
https://www.crossingminds.com,,,,,,
https://www.crowdstrike.com/,,,,,,
https://cryo-mix.com/,,,,,,
https://cubby.nyc/,,,,,,
https://cuebric.com/,,,,,,
https://curl.se,,,,,,
https://www.customgpt.ai,,,,,,
https://www.cvat.ai,,,,,,
https://cwicly.com/,,,,,,
https://www.cyera.io/,,,,,,
https://www.cypress.io,,,,,,
https://www.d-id.com/,,,,,,
https://daisydiskapp.com/,,,,,,
https://daisyui.com/,,,,,,
https://www.databricks.com,,,,,,
https://databutton.com/,,,,,,
https://www.datastax.com,,,,,,
https://www.deel.com/,,,,,,
https://www.deepgram.com,,,,,,
https://joindeleteme.com,,,,,,
https://www.descript.com,,,,,,
https://dextools.io,,,,,,
https://dify.ai/,,,,,,
https://diktatorial.com/,,,,,,
https://dingtone.me,,,,,,
https://www.docker.com,,,,,,
https://cloud.google.com/document-ai,,,,,,
https://www.dokkio.com,,,,,,
https://dolby.io/,,,,,,
https://www.doma.com,,,,,,
https://www.dora.run,,,,,,
https://www.double-zero.cloud/,,,,,,
https://www.draftbit.com,,,,,,
https://drapcode.com,,,,,,
https://lumalabs.ai/dream-machine,,,,,,
https://dreampal.ai/,,,,,,
https://www.dreamstudio.ai,,,,,,
https://dressx.com,,,,,,
https://www.dub.sh,,,,,,
https://durable.co/,,,,,,
https://dust.tt,,,,,,
https://earthquake.usgs.gov,,,,,,
https://edgeimpulse.com,,,,,,
https://www.elastic.co/,,,,,,
https://elevenlabs.io/,,,,,,
https://emailengine.app,,,,,,
https://www.energybot.com,,,,,,
https://www.entri.com/,,,,,,
https://equitymultiple.com/,,,,,,
https://www.eraser.io/home,,,,,,
https://www.escrow.com,,,,,,
https://ethpass.xyz,,,,,,
https://exa.ai,,,,,,
https://www.expertia.ai/,,,,,,
https://expo.dev/,,,,,,
https://www.extropic.ai,,,,,,
https://fabric.so/,,,,,,
https://fal.ai/,,,,,,
https://fastgen.com,,,,,,
https://www.fathomhq.com,,,,,,
https://www.feedhive.com,,,,,,
https://feedly.com,,,,,,
https://developers.feedly.com,,,,,,
https://www.buildwithfern.com,,,,,,
https://www.figma.com,,,,,,
https://www.figure.ai,,,,,,
https://www.trustfinta.com,,,,,,
https://www.firebase.com,,,,,,
https://www.fireblocks.com,,,,,,
https://www.firecrawl.dev/,,,,,,
https://www.flexclip.com/,,,,,,
https://flexiple.com/,,,,,,
https://flowbite.com,,,,,,
https://www.flowiseai.com,,,,,,
https://www.flowmonk.com/,,,,,,
https://www.flutterflow.io,,,,,,
https://blackforestlabs.ai/,,,,,,
https://www.fonts.ninja,,,,,,
https://www.forefront.ai/,,,,,,
https://formless.ai/,,,,,,
https://formulabot.com,,,,,,
https://www.framer.com/,,,,,,
https://framerauth.com,,,,,,
https://frame.work,,,,,,
https://frappe.io/hr,,,,,,
https://www.freepik.com/,,,,,,
https://www.fullstory.com,,,,,,
https://gamma.app/?lng=en,,,,,,
https://gasbyai.com/,,,,,,
https://get.store,,,,,,
https://getprospect.com/,,,,,,
https://thegigabrain.com,,,,,,
https://thegigabrain.com,,,,,,
https://www.github.com,,,,,,
https://www.gitkraken.com/,,,,,,
https://www.glean.com/,,,,,,
https://www.glideapps.com,,,,,,
https://glif.app,,,,,,
https://www.glorify.com,,,,,,
https://adstransparency.google.com/,,,,,,
https://labs.google/,,,,,,
https://scholar.google.com,,,,,,
https://app.artflow.ai,,,,,,
https://www.gradio.app,,,,,,
https://www.getgrist.com,,,,,,
https://groq.com,,,,,,
https://gsap.com,,,,,,
https://www.gumloop.com/,,,,,,
https://gummysearch.com/,,,,,,
https://harborseo.ai/,,,,,,
https://www.getharvest.com,,,,,,
https://www.heartbeat.chat/,,,,,,
https://www.hedra.com/,,,,,,
https://www.helpareporter.com,,,,,,
https://www.heygen.com/,,,,,,
https://hise.dev/,,,,,,
https://brew.sh/,,,,,,
https://www.honeybook.com/,,,,,,
https://hoo.be/,,,,,,
https://www.hostai.app/,,,,,,
https://www.hotjar.com,,,,,,
https://hotshot.co/,,,,,,
https://htmlcsstoimage.com,,,,,,
https://www.huggingface.co,,,,,,
https://huly.io/,,,,,,
https://www.hume.ai,,,,,,
https://hunter.io/,,,,,,
https://huntr.co,,,,,,
https://hypefury.com,,,,,,
https://hyperbolic.xyz/,,,,,,
https://hyperwriteai.com,,,,,,
https://www.ibank.com/,,,,,,
https://icodethis.com/,,,,,,
https://ideabuddy.com/,,,,,,
https://imgur.com/,,,,,,
https://incogni.com,,,,,,
https://infranodus.com,,,,,,
https://inkscape.org,,,,,,
https://www.instantly.ai,,,,,,
https://invideo.io/,,,,,,
https://www.islonline.com,,,,,,
https://jenni.ai,,,,,,
https://getjobber.com,,,,,,
https://justcall.io/,,,,,,
https://www.kado.money,,,,,,
https://www.kaedim.com,,,,,,
https://www.kaggle.com,,,,,,
https://www.kaiber.ai,,,,,,
https://kaleidoscope.app,,,,,,
https://www.kalodata.com,,,,,,
https://kinde.com/,,,,,,
https://www.kits.ai/,,,,,,
https://www.kittl.com/,,,,,,
https://klingai.com/,,,,,,
https://knock.app/,,,,,,
https://ko-fi.com,,,,,,
https://www.krater.ai,,,,,,
https://www.lalal.ai,,,,,,
https://land-book.com/,,,,,,
https://www.langflow.org,,,,,,
https://www.langchain.com/,,,,,,
https://laravel.com/,,,,,,
https://www.leapwork.com,,,,,,
https://convert.leiapix.com/,,,,,,
https://www.lemlist.com/,,,,,,
https://www.lemonsqueezy.com,,,,,,
https://www.lemonaide.ai/,,,,,,
https://www.lemwarm.com/,,,,,,
https://letterly.app/,,,,,,
https://lexica.art/,,,,,,
https://www.lexion.ai/,,,,,,
https://lightning.ai/,,,,,,
https://www.lindy.ai/,,,,,,
https://getliner.com/,,,,,,
https://link.com,,,,,,
https://linkwarden.app/,,,,,,
https://liquid.tech,,,,,,
https://www.littlehotelier.com,,,,,,
https://liveblocks.io/,,,,,,
https://livechatai.com,,,,,,
https://www.llamaindex.ai/,,,,,,
https://lmstudio.ai,,,,,,
https://www.locofy.ai,,,,,,
https://www.logo.dev/,,,,,,
https://www.loom.com/,,,,,,
https://www.loopgenius.com/,,,,,,
https://lucia-auth.com/,,,,,,
https://lucid.co,,,,,,
https://lucide.dev/,,,,,,
https://ludwig.guru/,,,,,,
https://www.lula.com/,,,,,,
https://www.lumina-chat.com,,,,,,
https://getluminal.com,,,,,,
https://luminatedata.com/,,,,,,
https://www.lummi.ai,,,,,,
https://luna.ai/,,,,,,
https://www.magicpatterns.com/,,,,,,
https://magicui.design,,,,,,
https://magnific.ai,,,,,,
https://magpai.app/,,,,,,
https://maige.app/,,,,,,
https://www.mailscale.ai,,,,,,
https://mailtrack.io/en/,,,,,,
https://www.mailwarm.com/,,,,,,
https://www.make.com,,,,,,
https://www.manifold.xyz,,,,,,
https://manychat.com,,,,,,
https://www.marblism.com/,,,,,,
https://maroofy.com,,,,,,
https://www.marqo.ai/,,,,,,
https://massedcompute.com,,,,,,
https://meliopayments.com,,,,,,
https://melty.sh/,,,,,,
https://get.mem.ai/,,,,,,
https://www.mem0.ai/,,,,,,
https://memgpt.ai,,,,,,
https://www.mermaidchart.com,,,,,,
https://microcms.io/en,,,,,,
https://milvus.io/,,,,,,
https://www.mindsmith.ai/,,,,,,
https://www.minimaxi.com/,,,,,,
https://miro.com/,,,,,,
https://www.mirror.xyz,,,,,,
https://misskey-hub.net,,,,,,
https://mistral.ai,,,,,,
https://www.mmhmm.app/,,,,,,
https://modal.com,,,,,,
https://www.modular.com/mojo,,,,,,
https://www.monkeylearn.com,,,,,,
https://monodraw.helftone.com,,,,,,
https://www.moonpay.com,,,,,,
https://motiff.com/,,,,,,
https://multibit.exchange,,,,,,
https://www.multion.ai,,,,,,
https://www.murf.ai,,,,,,
https://www.mymemo.ai,,,,,,
https://www.mystic.ai/,,,,,,
https://n8n.io/,,,,,,
https://www.narratordata.com,,,,,,
https://nas.io,,,,,,
https://neon.tech/,,,,,,
https://www.Netlify.com,,,,,,
https://neuronwriter.com/,,,,,,
https://neverbounce.com,,,,,,
https://www.nextjs.org,,,,,,
https://www.nextbrain.ai,,,,,,
https://www.niftykit.com,,,,,,
https://www.nipht.io,,,,,,
https://nitric.io,,,,,,
https://nodejs.org/,,,,,,
https://noisee.ai,,,,,,
https://noloco.io/,,,,,,
https://notebooklm.google/,,,,,,
https://www.nouns.build,,,,,,
https://mynucleus.com,,,,,,
https://www.numpy.org,,,,,,
https://nuttr.ee/,,,,,,
https://www.nutrisense.io,,,,,,
https://www.nyckel.com,,,,,,
https://www.obsidian.md,,,,,,
https://getodin.ai/,,,,,,
https://offtop.com,,,,,,
https://ollama.ai,,,,,,
https://app.on-demand.io,,,,,,
https://onesignal.com,,,,,,
https://www.onsiteiq.io,,,,,,
https://opensaas.sh/,,,,,,
https://www.opendoor.com,,,,,,
https://www.opus.pro,,,,,,
https://otter.ai,,,,,,
https://outscraper.com,,,,,,
https://www.paddle.com,,,,,,
https://www.paidwork.com,,,,,,
https://www.pandadoc.com,,,,,,
https://www.panxpan.com,,,,,,
https://www.useparagon.com/,,,,,,
https://path.net,,,,,,
https://www.pathsocial.com,,,,,,
https://payloadcms.com/,,,,,,
https://pearpop.com,,,,,,
https://www.pecan.ai,,,,,,
https://penpot.app,,,,,,
https://www.perplexity.ai,,,,,,
https://www.petals.dev/,,,,,,
https://phantombuster.com,,,,,,
https://pi.ai/talk,,,,,,
https://beta.pickaxeproject.com/,,,,,,
https://picocss.com/,,,,,,
https://pictory.ai/,,,,,,
https://www.pika.art/,,,,,,
https://piktochart.com,,,,,,
https://www.pinecone.io,,,,,,
https://pinokio.computer,,,,,,
https://pipedream.com,,,,,,
https://www.pitchpower.ai/,,,,,,
https://piwik.pro,,,,,,
https://pixverse.ai,,,,,,
https://www.plai.io/,,,,,,
https://plaid.com,,,,,,
https://planetscale.com/,,,,,,
https://www.plasticity.ai/,,,,,,
https://www.plausible.io,,,,,,
https://play.ht/,,,,,,
https://www.plotdot.ai,,,,,,
https://podcastle.ai/,,,,,,
https://www.podia.com,,,,,,
https://poe.com/login,,,,,,
https://www.polaranalytics.com/,,,,,,
https://www.polywork.com/,,,,,,
https://posthog.com/,,,,,,
https://www.postman.com/,,,,,,
https://prefix.app,,,,,,
https://www.pretrained.ai,,,,,,
https://www.prisma.io/,,,,,,
https://proddy.io/,,,,,,
https://idx.dev/,,,,,,
https://projectplannerai.com/,,,,,,
https://www.promptfoo.dev/,,,,,,
https://protomaps.com/,,,,,,
https://getproton.me,,,,,,
https://pptr.dev/,,,,,,
https://puzzle.io,,,,,,
https://www.pytorch.com,,,,,,
https://qdrant.tech/,,,,,,
https://www.qoob.co/,,,,,,
https://www.quivr.app/,,,,,,
https://www.radix-ui.com,,,,,,
https://www.radix-ui.com,,,,,,
https://ragflow.io/,,,,,,
https://www.railway.app,,,,,,
https://randomuser.me,,,,,,
https://www.raycast.com/,,,,,,
https://www.react.dev,,,,,,
https://readwise.io,,,,,,
https://imperavi.com/redactor/,,,,,,
https://redis.io/,,,,,,
https://refine.dev,,,,,,
https://www.reka.ai,,,,,,
https://rekonise.com/,,,,,,
https://www.relay.app/,,,,,,
https://relevanceai.com/,,,,,,
https://remix.ethereum.org,,,,,,
https://remix.run/,,,,,,
https://rendernet.ai,,,,,,
https://www.replit.com,,,,,,
https://www.researchrabbit.ai,,,,,,
https://www.resemble.ai,,,,,,
https://resend.com,,,,,,
https://www.response.ai/,,,,,,
https://responsively.app/,,,,,,
https://www.retool.com,,,,,,
https://www.rewardful.com,,,,,,
https://riverside.fm,,,,,,
https://rivet.ironcladapp.com/,,,,,,
https://www.rivet.app/,,,,,,
https://www.rivetai.com/,,,,,,
https://rize.io,,,,,,
https://www.runwayml.com,,,,,,
https://runway.com/,,,,,,
https://rytr.me/,,,,,,
https://www.skystudiosplugins.com/,,,,,,
https://samplefocus.com,,,,,,
https://samplette.io/,,,,,,
https://www.sanity.io/,,,,,,
https://www.scale.com,,,,,,
https://www.scalenut.com,,,,,,
https://app.scenario.com/login,,,,,,
https://scenario.com,,,,,,
https://www.scikit-learn.org,,,,,,
https://scipubplus.com,,,,,,
https://scisummary.com,,,,,,
https://scrab.com,,,,,,
https://www.scrapetable.com,,,,,,
https://www.scrapingbee.com/,,,,,,
https://www.screen.studio,,,,,,
https://www.screenshotapi.net/,,,,,,
https://www.screenspace.io,,,,,,
https://www.seaart.ai,,,,,,
https://segment-anything.com,,,,,,
https://semantic-ui.com,,,,,,
https://www.sendowl.com/,,,,,,
https://sentry.io/,,,,,,
https://serpapi.com,,,,,,
https://www.seventhsense.ai,,,,,,
https://ui.shadcn.com,,,,,,
https://sharetribe.com,,,,,,
https://shipfa.st/#demo,,,,,,
https://www.siglens.com/,,,,,,
https://www.similarweb.com/,,,,,,
https://www.singlestore.com/,,,,,,
https://singularitynet.io,,,,,,
https://www.siteground.com,,,,,,
https://www.skild.ai/,,,,,,
https://slidebean.com/,,,,,,
https://slooply.com,,,,,,
https://smart-noise.com,,,,,,
https://www.smartsheet.com,,,,,,
https://www.smartsuite.com,,,,,,
https://www.snipd.com,,,,,,
https://socratic.org/,,,,,,
https://www.sonarworks.com/,,,,,,
https://www.sonero.ai,,,,,,
https://soundraw.io,,,,,,
https://www.speechify.com,,,,,,
https://www.spellmint.com,,,,,,
https://www.splice.com,,,,,,
https://www.spline.design,,,,,,
https://www.stack-ai.com,,,,,,
https://www.stackerhq.com,,,,,,
https://www.stacks.co,,,,,,
https://www.stan.store,,,,,,
https://www.getstark.co,,,,,,
https://www.statsig.com,,,,,,
https://stellate.co,,,,,,
https://storm.genie.stanford.edu,,,,,,
https://www.katalist.ai,,,,,,
https://strapi.io/,,,,,,
https://streamlit.io/,,,,,,
https://www.submagic.co,,,,,,
https://www.subsocket.io,,,,,,
https://www.sudowrite.com/,,,,,,
https://www.supabase.com,,,,,,
https://www.superannotate.com/,,,,,,
https://www.superblocks.com,,,,,,
https://www.superhuman.com,,,,,,
https://swagger.io,,,,,,
https://www.swantide.com/,,,,,,
https://www.swellai.com,,,,,,
https://www.swiftbrief.com,,,,,,
https://www.synthesia.io/,,,,,,
https://synthflow.ai,,,,,,
https://tailwindcss.com/,,,,,,
https://www.chatbotui.com,,,,,,
https://talkjs.com/,,,,,,
https://www.taskade.com,,,,,,
https://www.taskmagic.com/,,,,,,
https://www.tatum.io,,,,,,
https://tavily.com,,,,,,
https://www.telly.com/,,,,,,
https://www.tensorflow.org,,,,,,
https://termly.io/,,,,,,
https://textbelt.com/,,,,,,
https://tftactics.gg,,,,,,
https://yaml.org,,,,,,
https://www.theneo.io/,,,,,,
https://thieve.co,,,,,,
https://thirdweb.com/,,,,,,
https://threejs.org,,,,,,
https://tiiny.host/,,,,,,
https://tingo.ai,,,,,,
https://www.tinybird.co,,,,,,
https://editor.tinykiwi.io/,,,,,,
https://www.tiny.cloud/,,,,,,
https://tiptap.dev,,,,,,
https://www.toddleapp.com,,,,,,
https://together.ai/,,,,,,
https://tolt.io,,,,,,
https://tomocredit.com,,,,,,
https://www.toolost.com/,,,,,,
https://www.tracklib.com/,,,,,,
https://treasure.lol,,,,,,
https://www.triplewhale.com,,,,,,
https://tullyapp.com,,,,,,
https://tunehq.ai,,,,,,
https://tunnel.dev/,,,,,,
https://www.turbotype.app,,,,,,
https://tweethunter.io,,,,,,
https://www.typescriptlang.org/,,,,,,
https://www.typingmind.com/,,,,,,
https://www.udio.com,,,,,,
https://uibakery.io/,,,,,,
https://uizard.io,,,,,,
https://unicornplatform.com,,,,,,
https://unthread.io,,,,,,
https://www.unweave.io,,,,,,
https://uploadcare.com,,,,,,
https://uploadthing.com,,,,,,
https://upstash.com/,,,,,,
https://v0.dev/,,,,,,
https://www.v7labs.com,,,,,,
http://vanilla-js.com/,,,,,,
https://www.vanoma.com/,,,,,,
https://vapi.ai,,,,,,
https://www.vectara.com,,,,,,
https://vectorizer.ai,,,,,,
https://vectorshift.ai/,,,,,,
https://www.vellum.ai,,,,,,
https://www.Vercel.com,,,,,,
https://www.vibe.co/,,,,,,
https://www.view-page-source.com/,,,,,,
https://www.voiceflow.com,,,,,,
https://www.voiceform.com,,,,,,
https://voiceglow.org/,,,,,,
https://wasp-lang.dev/,,,,,,
https://www.waveroom.com/,,,,,,
https://wdcstarterkit.com/,,,,,,
https://weaviate.io/,,,,,,
https://www.webdevjobs.io/,,,,,,
https://www.webflow.com,,,,,,
https://wandb.ai,,,,,,
https://www.weweb.io,,,,,,
https://whimsical.com,,,,,,
https://www.windsor.io,,,,,,
https://wirestock.io,,,,,,
https://wisdomplan.ai,,,,,,
https://wit.ai,,,,,,
https://www.wizwrite.io/,,,,,,
https://www.wized.com/,,,,,,
https://www.wonderdynamics.com,,,,,,
https://virbo.wondershare.com/,,,,,,
https://www.wordware.ai/,,,,,,
https://workos.com/,,,,,,
https://writesonic.com,,,,,,
https://grok.x.ai,,,,,,
https://xata.io/,,,,,,
https://xtiles.app/en,,,,,,
https://www.yext.com,,,,,,
https://www.zapier.com,,,,,,
https://zenbusiness.com,,,,,,
https://www.zeni.ai,,,,,,
https://www.zevi.ai,,,,,,
https://zuplo.com,,,,,,
https://www.zyte.com,,,,,,